mode,year,tier,n_cities,dropped_cities,urban_pixel_days,rural_pixel_days,pixel_weighted_K,equal_any_K,weighting_effect_K,urban_days_per_px,rural_days_per_px,urban_retention_vs_main,rural_retention_vs_main,median_urban_days
night,2001,lte1,25,0,217961,1185518,1.982,1.149,-0.833,91.4,34.9,,,194.0
night,2001,eq0,0,25,52,1949,,,,0.1,0.0,0.0,0.001,
night,2002,lte1,25,0,257209,1289369,3.563,1.893,-1.67,109.3,37.2,,,207.0
night,2002,eq0,0,25,18,488,,,,0.0,0.0,0.0,0.0,
night,2003,lte1,25,0,224470,1067929,2.955,1.264,-1.691,91.9,33.7,,,180.0
night,2003,eq0,0,25,142,8225,,,,0.2,0.2,0.001,0.005,
night,2004,lte1,24,0,265227,902719,3.378,1.927,-1.452,111.5,38.4,,,214.0
night,2004,eq0,0,24,8,176,,,,0.0,0.0,0.0,0.0,
night,2005,lte1,30,0,268514,1556763,3.588,1.599,-1.99,90.4,36.5,,,186.0
night,2005,eq0,0,30,55,1001,,,,0.1,0.0,0.0,0.001,
night,2006,lte1,30,0,270212,1363502,2.87,1.758,-1.112,96.5,36.6,,,198.0
night,2006,eq0,4,26,269,14839,0.837,-0.417,-1.254,0.2,0.3,0.001,0.007,6.0
night,2007,lte1,30,0,289479,1559182,2.803,1.514,-1.288,100.3,40.0,,,197.0
night,2007,eq0,0,30,46,1012,,,,0.1,0.0,0.0,0.001,
night,2008,lte1,30,0,283194,1548595,3.131,1.547,-1.584,98.4,41.6,,,199.0
night,2008,eq0,5,25,297,15280,2.621,-0.294,-2.916,0.3,0.3,0.002,0.008,7.0
night,2009,lte1,30,0,254543,1495977,3.606,1.58,-2.026,89.3,37.0,,,186.5
night,2009,eq0,0,30,51,1366,,,,0.1,0.0,0.0,0.001,
night,2010,lte1,32,0,330095,1316470,3.198,1.788,-1.41,89.8,36.3,,,191.0
night,2010,eq0,1,31,170,3743,3.402,-0.544,-3.946,0.1,0.1,0.001,0.003,6.0
night,2011,lte1,32,0,325687,1639823,3.206,1.447,-1.76,84.9,38.9,,,195.5
night,2011,eq0,2,30,151,1328,-4.276,-5.413,-1.137,0.1,0.0,0.001,0.001,8.5
night,2012,lte1,32,0,306839,1436077,3.131,1.927,-1.204,80.4,33.1,,,188.0
night,2012,eq0,0,32,101,1495,,,,0.1,0.0,0.0,0.001,
night,2013,lte1,32,0,393214,1614090,3.762,2.009,-1.753,103.7,40.1,,,213.5
night,2013,eq0,0,32,172,4338,,,,0.1,0.1,0.001,0.002,
night,2014,lte1,32,0,333188,1699708,2.605,1.66,-0.945,88.6,40.2,,,189.5
night,2014,eq0,1,31,129,2837,8.149,4.002,-4.147,0.1,0.0,0.001,0.001,6.0
night,2015,lte1,36,0,429594,1842900,2.264,1.54,-0.724,68.4,37.6,,,187.5
night,2015,eq0,1,35,137,984,5.075,3.837,-1.238,0.1,0.0,0.0,0.0,10.0
night,2016,lte1,35,0,415225,1310697,3.319,1.907,-1.412,67.8,34.0,,,186.0
night,2016,eq0,0,35,94,2126,,,,0.0,0.0,0.0,0.001,
night,2017,lte1,35,0,483628,1630254,3.567,1.87,-1.698,78.4,37.2,,,197.0
night,2017,eq0,1,34,131,1706,-3.675,0.609,4.284,0.1,0.0,0.0,0.001,11.0
night,2018,lte1,35,0,457448,1424950,3.387,1.954,-1.433,73.9,35.0,,,197.0
night,2018,eq0,8,27,889,13903,2.016,-0.043,-2.059,0.4,0.3,0.004,0.008,9.0
night,2019,lte1,35,0,445840,1741810,2.673,1.969,-0.704,74.0,38.4,,,200.0
night,2019,eq0,3,32,285,3065,1.315,-1.136,-2.451,0.1,0.1,0.001,0.001,7.0
night,2021,lte1,36,0,513177,1688077,3.094,1.884,-1.21,68.4,35.2,,,190.0
night,2021,eq0,0,36,188,5848,,,,0.1,0.1,0.001,0.003,
night,2022,lte1,36,0,492807,1822620,2.994,2.106,-0.888,66.9,35.4,,,189.5
night,2022,eq0,0,36,76,459,,,,0.0,0.0,0.0,0.0,
night,2024,lte1,37,0,572000,1856020,2.716,1.747,-0.969,74.2,38.6,,,204.0
night,2024,eq0,7,30,688,10979,1.905,1.659,-0.247,0.2,0.2,0.002,0.005,6.0
night,2025,lte1,36,0,610739,1868272,3.319,2.01,-1.31,79.0,39.3,,,209.5
night,2025,eq0,0,36,284,1113,,,,0.0,0.0,0.0,0.001,
