mode,scenario,city_years,cities,mean_common_months,delta_AB_alt_K_mean,delta_AB_alt_K_lo,delta_AB_alt_K_hi,delta_BC_alt_K_mean,delta_BC_alt_K_lo,delta_BC_alt_K_hi
day,20px primary,803,37,10.662515566625157,-0.6506569575713879,-0.7614424807657605,-0.5446935768986102,0.6087707688912289,0.4935022619046798,0.7239061854932336
day,≥1 pixel,803,37,10.662515566625157,-0.4788635757973589,-0.5358967591320675,-0.4207523698061874,0.2417123771520981,0.16578135944346697,0.3160141179774827
day,≥40% mask pixels,801,37,9.262172284644194,-0.05063736192860691,-0.08934948493347154,-0.011309237915959471,0.03762285926383811,0.016575101185626696,0.05837043972369247
day,≥60% mask pixels,715,37,8.083916083916083,-0.027321818099392783,-0.06592253405046462,0.01171180996848139,0.03077066910506254,0.0077290243284779455,0.05334662437134539
day,2020 fixed mask,801,36,10.662921348314606,-0.5220816155572973,-0.6247240861144047,-0.42060137475201603,0.4518204071905038,0.3443313310051283,0.5625674654592026
day,10 paired days/month,677,36,8.549483013293944,-0.5627251835612695,-0.6591207967448528,-0.463410875681027,0.5254951740719941,0.41888541646169064,0.6321924210373453
night,20px primary,688,34,9.529069767441861,-0.3966697865511084,-0.4954412484025789,-0.3009283710132327,0.2544988496813816,0.1555344302136725,0.3513421926632379
night,≥1 pixel,688,34,9.529069767441861,-0.3568664608245453,-0.45577916651200656,-0.2581195168592075,-0.026959173956819637,-0.17047482640434947,0.1123078564639202
night,≥40% mask pixels,0,0,,,,,,,
night,≥60% mask pixels,0,0,,,,,,,
night,2020 fixed mask,672,34,9.339285714285714,-0.3774657347466338,-0.4657240598991738,-0.2847673787551725,0.27778222266357444,0.17766222706782,0.3722697711572793
night,10 paired days/month,376,28,8.053191489361701,-0.26732364934412517,-0.3384806051131454,-0.19841732999363926,0.16048900914500955,0.06515837668737003,0.24799330312715934
