mode,city_id,city,in_records,max_urban_px,median_urban_px,paired_days,estimable
day,1,Shanghai_Shanghai,True,1001,261.0,3968,True
day,2,Jiangsu_Nanjing,True,297,107.0,4088,True
day,3,Jiangsu_Wuxi,True,488,78.0,3854,True
day,4,Jiangsu_Xuzhou,True,266,50.0,4522,True
day,5,Jiangsu_Changzhou,True,347,22.0,3411,True
day,6,Jiangsu_Suzhou,True,699,66.0,4270,True
day,7,Jiangsu_Nantong,True,306,31.0,3587,True
day,8,Jiangsu_Lianyungang,True,134,26.5,3885,True
day,9,Jiangsu_Huaian,True,145,33.0,3905,True
day,10,Jiangsu_Yancheng,True,226,28.0,3763,True
day,11,Jiangsu_Yangzhou,True,233,39.0,4013,True
day,12,Jiangsu_Zhenjiang,True,140,22.0,3534,True
day,13,Jiangsu_Taizhou,True,226,22.0,3402,True
day,14,Jiangsu_Suqian,True,147,20.0,2784,True
day,15,Zhejiang_Hangzhou,True,282,25.0,3391,True
day,16,Zhejiang_Ningbo,True,431,25.0,3594,True
day,17,Zhejiang_Wenzhou,True,207,19.0,3361,True
day,18,Zhejiang_Jiaxing,True,181,12.0,2319,True
day,19,Zhejiang_Huzhou,True,107,13.0,1773,True
day,20,Zhejiang_Shaoxing,True,155,17.0,2497,True
day,21,Zhejiang_Jinhua,True,181,28.0,3035,True
day,22,Zhejiang_Quzhou,True,36,7.0,939,True
day,23,Zhejiang_Zhoushan,False,0,,0,False
day,24,Zhejiang_Taizhou,True,168,15.0,3103,True
day,25,Zhejiang_Lishui,True,30,16.0,139,True
day,26,Anhui_Hefei,True,284,28.0,3456,True
day,27,Anhui_Wuhu,True,63,23.0,1448,True
day,28,Anhui_Bengbu,True,62,24.0,2834,True
day,29,Anhui_Huainan,True,63,26.0,3247,True
day,30,Anhui_Maanshan,True,79,20.0,3269,True
day,31,Anhui_Huaibei,True,65,24.0,2680,True
day,32,Anhui_Tongling,False,0,,0,False
day,33,Anhui_Anqing,True,70,9.0,1844,True
day,34,Anhui_Huangshan,False,0,,0,False
day,35,Anhui_Chuzhou,True,99,15.0,3064,True
day,36,Anhui_Fuyang,True,132,16.0,3160,True
day,37,Anhui_Suzhou,True,83,16.0,3073,True
day,38,Anhui_Lu'an,True,59,12.0,1280,True
day,39,Anhui_Bozhou,True,74,15.0,2804,True
day,40,Anhui_Chizhou,False,0,,0,False
day,41,Anhui_Xuancheng,True,42,15.0,786,True
night,1,Shanghai_Shanghai,True,951,422.0,3926,True
night,2,Jiangsu_Nanjing,True,281,86.0,3466,True
night,3,Jiangsu_Wuxi,True,466,75.0,2992,True
night,4,Jiangsu_Xuzhou,True,245,61.0,4330,True
night,5,Jiangsu_Changzhou,True,342,44.0,2864,True
night,6,Jiangsu_Suzhou,True,676,78.5,3954,True
night,7,Jiangsu_Nantong,True,296,47.0,3383,True
night,8,Jiangsu_Lianyungang,True,127,33.0,3534,True
night,9,Jiangsu_Huaian,True,143,37.0,3420,True
night,10,Jiangsu_Yancheng,True,221,45.0,3951,True
night,11,Jiangsu_Yangzhou,True,216,45.0,3327,True
night,12,Jiangsu_Zhenjiang,True,135,22.0,2699,True
night,13,Jiangsu_Taizhou,True,217,32.0,3260,True
night,14,Jiangsu_Suqian,True,141,17.0,2122,True
night,15,Zhejiang_Hangzhou,True,250,27.0,2190,True
night,16,Zhejiang_Ningbo,True,372,56.0,3559,True
night,17,Zhejiang_Wenzhou,True,203,26.0,2807,True
night,18,Zhejiang_Jiaxing,True,169,19.0,2130,True
night,19,Zhejiang_Huzhou,True,98,15.0,1104,True
night,20,Zhejiang_Shaoxing,True,134,20.0,1655,True
night,21,Zhejiang_Jinhua,True,154,27.0,2036,True
night,22,Zhejiang_Quzhou,True,34,9.0,360,False
night,23,Zhejiang_Zhoushan,False,0,,0,False
night,24,Zhejiang_Taizhou,True,152,21.0,2779,True
night,25,Zhejiang_Lishui,True,25,7.0,8,False
night,26,Anhui_Hefei,True,274,48.0,3047,True
night,27,Anhui_Wuhu,True,58,10.0,679,True
night,28,Anhui_Bengbu,True,60,23.0,2207,True
night,29,Anhui_Huainan,True,63,30.0,2072,True
night,30,Anhui_Maanshan,True,76,17.0,2275,True
night,31,Anhui_Huaibei,True,63,23.0,2066,True
night,32,Anhui_Tongling,False,0,,0,False
night,33,Anhui_Anqing,True,65,7.0,1422,True
night,34,Anhui_Huangshan,False,0,,0,False
night,35,Anhui_Chuzhou,True,98,13.0,2182,True
night,36,Anhui_Fuyang,True,132,24.0,2837,True
night,37,Anhui_Suzhou,True,83,22.0,2877,True
night,38,Anhui_Lu'an,True,56,9.0,780,True
night,39,Anhui_Bozhou,True,74,19.0,2284,True
night,40,Anhui_Chizhou,False,0,,0,False
night,41,Anhui_Xuancheng,True,39,7.0,156,False
