month,median_pair,share_estimable,urban_only,rural_only,n_city_months,mode
1,12.0,0.9190535491905355,0.0,25.0,803,day
2,10.0,0.8169364881693649,0.0,28.571428571428573,803,day
3,13.0,0.9950186799501868,0.0,21.73913043478261,803,day
4,13.0,0.9800747198007472,0.0,20.833333333333332,803,day
5,13.0,0.962640099626401,0.0,25.0,803,day
6,8.0,0.6948941469489415,0.0,33.333333333333336,803,day
7,8.0,0.7372353673723536,0.0,46.15384615384615,803,day
8,10.0,0.7995018679950187,0.0,47.61904761904762,803,day
9,10.0,0.9028642590286425,0.0,37.5,803,day
10,13.0,0.9402241594022416,0.0,27.272727272727273,803,day
11,13.0,0.9663760896637609,0.0,22.727272727272727,803,day
12,14.0,0.9551681195516812,0.0,21.73913043478261,803,day
1,12.0,0.9290161892901619,0.0,23.076923076923077,803,night
2,9.0,0.788293897882939,5.882352941176471,25.0,803,night
3,10.0,0.8530510585305106,12.5,21.2406015037594,803,night
4,9.0,0.8119551681195517,11.11111111111111,23.80952380952381,803,night
5,8.0,0.7061021170610212,8.333333333333334,31.25,803,night
6,6.0,0.5454545454545454,6.25,35.294117647058826,803,night
7,6.0,0.6014943960149439,13.333333333333334,32.0,803,night
8,8.0,0.7334993773349938,14.285714285714286,26.666666666666668,803,night
9,9.0,0.7833125778331258,8.695652173913043,33.333333333333336,803,night
10,10.0,0.8206724782067247,11.11111111111111,23.529411764705884,803,night
11,11.0,0.8729763387297634,14.285714285714286,18.181818181818183,803,night
12,14.0,0.9489414694894147,4.166666666666667,18.181818181818183,803,night
